IP地址,端口,TLS,数据中心,地区,城市,网络延迟,下载速度
192.9.139.160,443,true,SJC,北美洲,美国圣何塞,13 ms,71706 kB/s
64.181.249.123,443,true,SJC,北美洲,美国圣何塞,13 ms,64930 kB/s
147.224.62.66,443,true,SJC,北美洲,美国圣何塞,13 ms,62499 kB/s
192.9.137.193,8443,true,SJC,北美洲,美国圣何塞,13 ms,54069 kB/s
167.234.221.72,443,true,SJC,北美洲,美国圣何塞,13 ms,52685 kB/s
132.226.114.132,39738,true,LAX,北美洲,美国洛杉矶,9 ms,50528 kB/s
192.9.230.55,443,true,SJC,北美洲,美国圣何塞,14 ms,50123 kB/s
129.146.242.248,443,true,LAX,北美洲,美国洛杉矶,10 ms,49743 kB/s
165.1.79.60,8443,true,SJC,北美洲,美国圣何塞,14 ms,48612 kB/s
129.146.9.38,443,true,LAX,北美洲,美国洛杉矶,9 ms,48028 kB/s
129.146.104.110,443,true,LAX,北美洲,美国洛杉矶,12 ms,47944 kB/s
155.248.192.122,443,true,SJC,北美洲,美国圣何塞,13 ms,47886 kB/s
129.153.214.154,8443,true,LAX,北美洲,美国洛杉矶,12 ms,47125 kB/s
129.159.35.171,34237,true,SJC,北美洲,美国圣何塞,16 ms,47088 kB/s
161.153.75.65,443,true,SJC,北美洲,美国圣何塞,9 ms,45672 kB/s
152.70.123.225,8443,true,SJC,北美洲,美国圣何塞,13 ms,45399 kB/s
129.146.46.164,443,true,LAX,北美洲,美国洛杉矶,22 ms,45139 kB/s
137.131.8.2,443,true,LAX,北美洲,美国洛杉矶,9 ms,44460 kB/s
129.146.125.108,8443,true,LAX,北美洲,美国洛杉矶,9 ms,42630 kB/s
129.146.4.180,443,true,LAX,北美洲,美国洛杉矶,10 ms,41571 kB/s
129.146.57.142,8443,true,LAX,北美洲,美国洛杉矶,9 ms,41476 kB/s
137.131.55.145,443,true,LAX,北美洲,美国洛杉矶,9 ms,41103 kB/s
129.146.67.81,443,true,LAX,北美洲,美国洛杉矶,11 ms,39832 kB/s
129.146.121.203,8443,true,LAX,北美洲,美国洛杉矶,9 ms,39781 kB/s
152.70.122.243,443,true,SJC,北美洲,美国圣何塞,13 ms,38569 kB/s
165.1.66.231,443,true,SJC,北美洲,美国圣何塞,13 ms,37313 kB/s
129.153.96.228,443,true,LAX,北美洲,美国洛杉矶,12 ms,37067 kB/s
129.146.183.59,443,true,LAX,北美洲,美国洛杉矶,11 ms,34099 kB/s
141.148.150.155,443,true,LAX,北美洲,美国洛杉矶,13 ms,32936 kB/s
150.136.219.11,443,true,IAD,北美洲,美国阿什伯恩,60 ms,32845 kB/s
129.153.70.168,4433,true,LAX,北美洲,美国洛杉矶,51 ms,30503 kB/s
192.9.159.222,443,true,SJC,北美洲,美国圣何塞,18 ms,30151 kB/s
129.213.150.222,443,true,IAD,北美洲,美国阿什伯恩,58 ms,27101 kB/s
161.153.127.161,443,true,LAX,北美洲,美国洛杉矶,9 ms,25135 kB/s
150.136.254.79,443,true,IAD,北美洲,美国阿什伯恩,57 ms,24912 kB/s
158.101.15.61,443,true,LAX,北美洲,美国洛杉矶,9 ms,24688 kB/s
152.67.225.124,2096,true,SJC,北美洲,美国圣何塞,13 ms,24496 kB/s
132.145.97.225,4443,true,YYZ,北美洲,加拿大多伦多,62 ms,22149 kB/s
150.136.61.82,8443,true,IAD,北美洲,美国阿什伯恩,55 ms,21837 kB/s
161.33.169.43,443,true,NRT,亚太,日本东京,100 ms,21272 kB/s
161.33.178.148,443,true,NRT,亚太,日本东京,119 ms,20721 kB/s
140.238.51.35,443,true,NRT,亚太,日本东京,103 ms,20150 kB/s
131.186.61.121,443,true,NRT,亚太,日本东京,123 ms,19574 kB/s
155.248.183.181,443,true,NRT,亚太,日本东京,101 ms,18019 kB/s
140.238.45.24,443,true,NRT,亚太,日本东京,100 ms,17806 kB/s
64.181.209.18,443,true,ORD,北美洲,芝加哥,53 ms,17794 kB/s
152.67.227.200,587,true,SJC,北美洲,美国圣何塞,13 ms,16854 kB/s
40.233.103.212,443,true,YYZ,北美洲,加拿大多伦多,62 ms,16829 kB/s
141.147.159.250,443,true,KIX,亚太,大阪,104 ms,16666 kB/s
161.118.142.112,443,true,ICN,亚太,韩国首尔,132 ms,16189 kB/s
155.248.183.225,443,true,NRT,亚太,日本东京,119 ms,16180 kB/s
161.118.138.87,443,true,ICN,亚太,韩国首尔,149 ms,16152 kB/s
161.33.167.63,443,true,NRT,亚太,日本东京,124 ms,15975 kB/s
138.3.219.149,443,true,NRT,亚太,日本东京,120 ms,15952 kB/s
138.2.8.233,443,true,NRT,亚太,日本东京,100 ms,15907 kB/s
131.186.39.213,443,true,NRT,亚太,日本东京,123 ms,15889 kB/s
140.83.39.153,443,true,NRT,亚太,日本东京,101 ms,15724 kB/s
146.56.190.134,443,true,ICN,亚太,韩国首尔,129 ms,15715 kB/s
193.123.163.146,443,true,NRT,亚太,日本东京,103 ms,15683 kB/s
161.33.209.80,443,true,NRT,亚太,日本东京,104 ms,15666 kB/s
151.145.72.80,443,true,NRT,亚太,日本东京,119 ms,15547 kB/s
193.122.154.82,443,true,IAD,北美洲,美国阿什伯恩,55 ms,15431 kB/s
217.142.250.195,587,true,KIX,亚太,大阪,106 ms,15403 kB/s
150.230.62.103,443,true,KIX,亚太,大阪,103 ms,15377 kB/s
150.230.99.240,443,true,NRT,亚太,日本东京,103 ms,15262 kB/s
129.213.148.107,443,true,IAD,北美洲,美国阿什伯恩,56 ms,15210 kB/s
64.110.71.6,443,true,ICN,亚太,韩国首尔,136 ms,15109 kB/s
146.235.215.169,443,true,SJC,北美洲,美国圣何塞,13 ms,15080 kB/s
132.226.10.11,443,true,NRT,亚太,日本东京,119 ms,15058 kB/s
158.179.184.146,443,true,NRT,亚太,日本东京,103 ms,15013 kB/s
158.179.166.111,443,true,ICN,亚太,韩国首尔,143 ms,15002 kB/s
204.216.212.84,443,true,WAW,欧洲,波兰华沙,149 ms,15001 kB/s
131.186.58.161,443,true,NRT,亚太,日本东京,100 ms,14986 kB/s
140.238.17.157,443,true,ICN,亚太,韩国首尔,129 ms,14933 kB/s
141.147.185.72,443,true,NRT,亚太,日本东京,119 ms,14923 kB/s
168.110.57.113,443,true,NRT,亚太,日本东京,106 ms,14865 kB/s
161.33.212.199,443,true,NRT,亚太,日本东京,100 ms,14768 kB/s
161.33.193.163,443,true,NRT,亚太,日本东京,120 ms,14622 kB/s
150.230.104.3,443,true,NRT,亚太,日本东京,123 ms,14618 kB/s
152.70.105.13,443,true,NRT,亚太,日本东京,123 ms,14574 kB/s
161.33.220.47,443,true,NRT,亚太,日本东京,105 ms,14455 kB/s
131.186.32.148,443,true,NRT,亚太,日本东京,103 ms,14432 kB/s
152.69.201.80,39738,true,KIX,亚太,大阪,103 ms,14428 kB/s
161.33.210.131,443,true,NRT,亚太,日本东京,119 ms,14389 kB/s
64.110.66.105,443,true,ICN,亚太,韩国首尔,129 ms,13980 kB/s
168.107.58.208,443,true,ICN,亚太,韩国首尔,138 ms,13976 kB/s
161.33.164.250,443,true,NRT,亚太,日本东京,123 ms,13938 kB/s
129.154.194.248,443,true,ICN,亚太,韩国首尔,133 ms,13839 kB/s
92.5.110.66,443,true,FRA,欧洲,德国法兰克福,155 ms,13830 kB/s
158.179.182.59,443,true,NRT,亚太,日本东京,120 ms,13746 kB/s
138.2.29.98,443,true,NRT,亚太,日本东京,103 ms,13740 kB/s
152.70.102.41,443,true,NRT,亚太,日本东京,119 ms,13648 kB/s
132.226.18.125,443,true,ICN,亚太,韩国首尔,133 ms,13647 kB/s
168.107.62.91,443,true,ICN,亚太,韩国首尔,134 ms,13467 kB/s
168.107.43.16,443,true,ICN,亚太,韩国首尔,142 ms,13413 kB/s
132.226.233.134,2087,true,ICN,亚太,韩国首尔,129 ms,13297 kB/s
138.2.171.86,443,true,FRA,欧洲,德国法兰克福,154 ms,13293 kB/s
193.123.253.201,443,true,ICN,亚太,韩国首尔,129 ms,13227 kB/s
40.233.77.216,443,true,YYZ,北美洲,加拿大多伦多,65 ms,13224 kB/s
140.245.65.3,443,true,ICN,亚太,韩国首尔,139 ms,13210 kB/s
131.186.59.211,443,true,NRT,亚太,日本东京,123 ms,13106 kB/s
138.3.218.101,443,true,NRT,亚太,日本东京,100 ms,13024 kB/s
131.186.56.6,443,true,NRT,亚太,日本东京,119 ms,13006 kB/s
161.33.209.221,443,true,NRT,亚太,日本东京,104 ms,12887 kB/s
152.70.184.253,443,true,FRA,欧洲,德国法兰克福,162 ms,12859 kB/s
80.225.82.72,443,true,MXP,欧洲,意大利米兰,148 ms,12857 kB/s
132.145.89.240,443,true,ICN,亚太,韩国首尔,133 ms,12808 kB/s
161.33.133.246,443,true,NRT,亚太,日本东京,100 ms,12712 kB/s
140.245.83.175,443,true,NRT,亚太,日本东京,100 ms,12658 kB/s
131.186.46.91,443,true,NRT,亚太,日本东京,123 ms,12619 kB/s
193.122.101.205,443,true,ICN,亚太,韩国首尔,129 ms,12616 kB/s
155.248.204.207,443,true,SJC,北美洲,美国圣何塞,15 ms,12472 kB/s
134.185.103.173,443,true,ICN,亚太,韩国首尔,143 ms,12446 kB/s
161.33.169.51,443,true,NRT,亚太,日本东京,121 ms,12403 kB/s
158.179.187.225,443,true,NRT,亚太,日本东京,108 ms,12402 kB/s
161.33.147.120,443,true,NRT,亚太,日本东京,103 ms,12341 kB/s
132.226.229.248,443,true,ICN,亚太,韩国首尔,129 ms,12316 kB/s
140.83.50.165,443,true,KIX,亚太,大阪,111 ms,12267 kB/s
84.235.162.30,443,true,FRA,欧洲,德国法兰克福,170 ms,12208 kB/s
138.2.140.14,443,true,FRA,欧洲,德国法兰克福,159 ms,12195 kB/s
131.186.41.139,443,true,NRT,亚太,日本东京,120 ms,12136 kB/s
217.142.230.253,587,true,KIX,亚太,大阪,103 ms,12126 kB/s
141.147.165.8,443,true,NRT,亚太,日本东京,100 ms,11967 kB/s
92.5.75.153,443,true,FRA,欧洲,德国法兰克福,164 ms,11958 kB/s
146.56.150.35,443,true,ICN,亚太,韩国首尔,129 ms,11881 kB/s
131.186.46.218,443,true,NRT,亚太,日本东京,100 ms,11864 kB/s
193.123.37.116,443,true,FRA,欧洲,德国法兰克福,177 ms,11807 kB/s
161.33.149.194,443,true,NRT,亚太,日本东京,100 ms,11532 kB/s
161.33.192.211,443,true,NRT,亚太,日本东京,119 ms,11483 kB/s
150.230.203.167,443,true,NRT,亚太,日本东京,121 ms,11443 kB/s
158.179.188.210,443,true,NRT,亚太,日本东京,100 ms,11382 kB/s
138.2.107.181,8443,true,SIN,亚太,新加坡,172 ms,11361 kB/s
152.69.226.68,443,true,SIN,亚太,新加坡,189 ms,11355 kB/s
158.178.150.39,443,true,FRA,欧洲,德国法兰克福,160 ms,11339 kB/s
143.47.191.169,443,true,FRA,欧洲,德国法兰克福,168 ms,11335 kB/s
155.248.166.136,443,true,NRT,亚太,日本东京,101 ms,11334 kB/s
144.21.32.114,443,true,FRA,欧洲,德国法兰克福,171 ms,11311 kB/s
141.147.169.18,443,true,NRT,亚太,日本东京,119 ms,11305 kB/s
146.56.41.180,34237,true,ICN,亚太,韩国首尔,133 ms,11284 kB/s
40.233.110.251,443,true,YYZ,北美洲,加拿大多伦多,64 ms,11273 kB/s
40.233.87.120,443,true,YYZ,北美洲,加拿大多伦多,62 ms,11222 kB/s
79.76.109.124,443,true,FRA,欧洲,德国法兰克福,156 ms,11134 kB/s
152.70.143.65,2053,true,LAX,北美洲,美国洛杉矶,10 ms,11097 kB/s
141.148.224.24,443,true,FRA,欧洲,德国法兰克福,168 ms,11057 kB/s
64.110.80.21,443,true,ICN,亚太,韩国首尔,129 ms,11044 kB/s
168.107.45.250,443,true,SIN,亚太,新加坡,185 ms,11022 kB/s
79.72.94.32,443,true,FRA,欧洲,德国法兰克福,157 ms,11004 kB/s
141.144.197.66,443,true,AMS,欧洲,荷兰阿姆斯特丹,157 ms,10975 kB/s
150.230.23.172,443,true,AMS,欧洲,荷兰阿姆斯特丹,156 ms,10939 kB/s
161.118.232.78,443,true,SIN,亚太,新加坡,174 ms,10931 kB/s
168.107.55.1,443,true,ICN,亚太,韩国首尔,141 ms,10904 kB/s
158.179.178.120,443,true,NRT,亚太,日本东京,100 ms,10865 kB/s
138.2.49.197,587,true,KIX,亚太,大阪,103 ms,10813 kB/s
132.226.0.181,443,true,NRT,亚太,日本东京,100 ms,10807 kB/s
84.235.168.80,443,true,FRA,欧洲,德国法兰克福,170 ms,10790 kB/s
144.21.58.191,443,true,FRA,欧洲,德国法兰克福,158 ms,10782 kB/s
130.162.164.95,443,true,AMS,欧洲,荷兰阿姆斯特丹,150 ms,10756 kB/s
161.33.41.206,443,true,KIX,亚太,大阪,103 ms,10750 kB/s
89.168.106.110,443,true,FRA,欧洲,德国法兰克福,164 ms,10741 kB/s
146.56.182.29,443,true,ICN,亚太,韩国首尔,134 ms,10700 kB/s
161.33.189.248,443,true,NRT,亚太,日本东京,100 ms,10686 kB/s
141.148.242.1,443,true,FRA,欧洲,德国法兰克福,166 ms,10642 kB/s
158.180.39.1,443,true,FRA,欧洲,德国法兰克福,160 ms,10625 kB/s
158.179.177.110,443,true,NRT,亚太,日本东京,102 ms,10555 kB/s
140.83.34.214,8443,true,NRT,亚太,日本东京,102 ms,10502 kB/s
145.241.174.128,443,true,CDG,欧洲,法国巴黎,141 ms,10499 kB/s
152.70.91.210,443,true,ICN,亚太,韩国首尔,133 ms,10474 kB/s
168.110.62.89,443,true,NRT,亚太,日本东京,103 ms,10460 kB/s
161.33.183.104,443,true,NRT,亚太,日本东京,104 ms,10326 kB/s
143.47.189.139,443,true,FRA,欧洲,德国法兰克福,157 ms,10288 kB/s
141.147.173.152,443,true,NRT,亚太,日本东京,100 ms,10181 kB/s
144.21.35.113,443,true,FRA,欧洲,德国法兰克福,167 ms,10127 kB/s
168.107.59.111,443,true,ICN,亚太,韩国首尔,141 ms,10092 kB/s
158.178.204.208,443,true,CDG,欧洲,法国巴黎,145 ms,10051 kB/s
193.123.226.227,443,true,ICN,亚太,韩国首尔,130 ms,10003 kB/s
134.98.134.117,443,true,FRA,欧洲,德国法兰克福,168 ms,9976 kB/s
158.179.175.104,443,true,ICN,亚太,韩国首尔,140 ms,9904 kB/s
168.107.11.88,443,true,ICN,亚太,韩国首尔,142 ms,9899 kB/s
138.2.164.66,443,true,MUC,欧洲,Munich,152 ms,9890 kB/s
129.154.222.63,8443,true,ICN,亚太,韩国首尔,129 ms,9867 kB/s
193.122.108.223,443,true,ICN,亚太,韩国首尔,133 ms,9861 kB/s
158.179.170.49,443,true,ICN,亚太,韩国首尔,138 ms,9839 kB/s
168.138.196.206,8443,true,NRT,亚太,日本东京,104 ms,9832 kB/s
141.253.114.80,443,true,CDG,欧洲,法国巴黎,142 ms,9820 kB/s
161.33.184.177,443,true,CDG,欧洲,法国巴黎,120 ms,9802 kB/s
129.146.174.117,443,true,LAX,北美洲,美国洛杉矶,9 ms,9727 kB/s
193.122.100.5,443,true,ICN,亚太,韩国首尔,130 ms,9684 kB/s
150.230.97.246,443,true,NRT,亚太,日本东京,100 ms,9604 kB/s
79.76.104.195,443,true,FRA,欧洲,德国法兰克福,163 ms,9594 kB/s
143.47.237.199,8443,true,LHR,欧洲,英国伦敦,137 ms,9593 kB/s
161.118.141.115,443,true,ICN,亚太,韩国首尔,129 ms,9531 kB/s
132.226.19.6,443,true,ICN,亚太,韩国首尔,132 ms,9516 kB/s
158.179.167.114,443,true,ICN,亚太,韩国首尔,139 ms,9485 kB/s
168.110.49.155,443,true,NRT,亚太,日本东京,123 ms,9445 kB/s
79.72.84.249,443,true,FRA,欧洲,德国法兰克福,154 ms,9433 kB/s
146.56.149.28,443,true,ICN,亚太,韩国首尔,129 ms,9393 kB/s
141.147.185.118,443,true,NRT,亚太,日本东京,119 ms,9381 kB/s
130.162.144.35,443,true,ICN,亚太,韩国首尔,129 ms,9374 kB/s
141.144.206.163,443,true,FRA,欧洲,德国法兰克福,163 ms,9367 kB/s
152.67.159.46,443,true,FRA,欧洲,德国法兰克福,159 ms,9357 kB/s
161.118.211.187,443,true,SIN,亚太,新加坡,190 ms,9319 kB/s
134.185.105.211,443,true,ICN,亚太,韩国首尔,139 ms,9304 kB/s
145.241.219.159,443,true,FRA,欧洲,德国法兰克福,158 ms,9284 kB/s
141.145.216.142,2087,true,CDG,欧洲,法国巴黎,147 ms,9262 kB/s
193.122.118.76,443,true,ICN,亚太,韩国首尔,133 ms,9158 kB/s
168.107.51.253,443,true,ICN,亚太,韩国首尔,139 ms,9145 kB/s
132.226.173.0,443,true,ICN,亚太,韩国首尔,133 ms,9109 kB/s
130.162.245.194,443,true,FRA,欧洲,德国法兰克福,160 ms,9107 kB/s
84.235.170.151,443,true,FRA,欧洲,德国法兰克福,164 ms,9093 kB/s
138.2.135.43,443,true,FRA,欧洲,德国法兰克福,158 ms,9085 kB/s
141.147.87.154,443,true,FRA,欧洲,德国法兰克福,155 ms,9057 kB/s
141.253.105.67,443,true,CDG,欧洲,法国巴黎,144 ms,8995 kB/s
92.5.232.249,443,true,FRA,欧洲,德国法兰克福,172 ms,8987 kB/s
130.162.217.19,443,true,FRA,欧洲,德国法兰克福,153 ms,8953 kB/s
130.162.180.225,443,true,FRA,欧洲,德国法兰克福,157 ms,8937 kB/s
146.56.138.33,10443,true,ICN,亚太,韩国首尔,133 ms,8913 kB/s
141.148.245.90,443,true,FRA,欧洲,德国法兰克福,171 ms,8898 kB/s
146.56.159.180,443,true,ICN,亚太,韩国首尔,148 ms,8879 kB/s
158.178.229.178,443,true,SIN,亚太,新加坡,179 ms,8874 kB/s
140.238.209.8,443,true,ZRH,欧洲,苏黎世,157 ms,8853 kB/s
84.8.145.58,443,true,LHR,欧洲,英国伦敦,132 ms,8841 kB/s
158.179.160.252,443,true,ICN,亚太,韩国首尔,142 ms,8819 kB/s
141.148.226.113,443,true,AMS,欧洲,荷兰阿姆斯特丹,155 ms,8819 kB/s
64.110.87.186,443,true,ICN,亚太,韩国首尔,148 ms,8809 kB/s
130.61.51.100,8443,true,FRA,欧洲,德国法兰克福,155 ms,8790 kB/s
84.235.169.142,443,true,FRA,欧洲,德国法兰克福,174 ms,8776 kB/s
141.147.38.76,443,true,FRA,欧洲,德国法兰克福,162 ms,8775 kB/s
141.253.110.91,443,true,CDG,欧洲,法国巴黎,149 ms,8749 kB/s
132.145.91.181,8443,true,ICN,亚太,韩国首尔,136 ms,8721 kB/s
158.178.149.208,443,true,FRA,欧洲,德国法兰克福,160 ms,8720 kB/s
193.122.139.183,443,true,IAD,北美洲,美国阿什伯恩,59 ms,8703 kB/s
89.168.65.197,443,true,FRA,欧洲,德国法兰克福,162 ms,8677 kB/s
145.241.163.71,443,true,CDG,欧洲,法国巴黎,144 ms,8622 kB/s
141.145.202.252,443,true,CDG,欧洲,法国巴黎,143 ms,8603 kB/s
168.107.4.118,443,true,ICN,亚太,韩国首尔,142 ms,8580 kB/s
129.150.35.173,443,true,SIN,亚太,新加坡,174 ms,8561 kB/s
146.235.16.191,443,true,SIN,亚太,新加坡,168 ms,8560 kB/s
141.253.117.56,443,true,CDG,欧洲,法国巴黎,146 ms,8550 kB/s
64.181.218.67,443,true,ORD,北美洲,芝加哥,53 ms,8454 kB/s
168.110.63.164,443,true,NRT,亚太,日本东京,123 ms,8454 kB/s
158.180.81.18,443,true,ICN,亚太,韩国首尔,143 ms,8445 kB/s
64.110.77.80,443,true,ICN,亚太,韩国首尔,129 ms,8432 kB/s
193.123.187.75,443,true,FRA,欧洲,德国法兰克福,152 ms,8403 kB/s
141.148.231.4,443,true,FRA,欧洲,德国法兰克福,171 ms,8351 kB/s
138.2.17.108,443,true,NRT,亚太,日本东京,107 ms,8298 kB/s
158.101.208.239,443,true,FRA,欧洲,德国法兰克福,163 ms,8272 kB/s
129.154.213.103,443,true,ICN,亚太,韩国首尔,130 ms,8272 kB/s
92.5.85.139,443,true,FRA,欧洲,德国法兰克福,162 ms,8237 kB/s
130.162.252.129,443,true,FRA,欧洲,德国法兰克福,156 ms,8189 kB/s
89.168.39.19,4433,true,CDG,欧洲,法国巴黎,146 ms,8180 kB/s
140.238.144.211,443,true,YYZ,北美洲,加拿大多伦多,62 ms,8179 kB/s
92.5.228.201,443,true,FRA,欧洲,德国法兰克福,166 ms,8155 kB/s
158.178.158.211,443,true,FRA,欧洲,德国法兰克福,171 ms,8152 kB/s
158.179.165.121,443,true,ICN,亚太,韩国首尔,143 ms,8141 kB/s
193.123.233.168,443,true,ICN,亚太,韩国首尔,152 ms,8131 kB/s
161.118.213.45,443,true,SIN,亚太,新加坡,176 ms,8094 kB/s
138.2.190.122,443,true,FRA,欧洲,德国法兰克福,153 ms,8039 kB/s
145.241.218.229,443,true,FRA,欧洲,德国法兰克福,156 ms,8023 kB/s
144.21.32.194,443,true,FRA,欧洲,德国法兰克福,174 ms,8007 kB/s
168.107.56.20,443,true,ICN,亚太,韩国首尔,139 ms,8003 kB/s
132.226.231.99,443,true,ICN,亚太,韩国首尔,129 ms,8002 kB/s
134.98.153.106,443,true,FRA,欧洲,德国法兰克福,171 ms,8000 kB/s
134.98.142.28,443,true,FRA,欧洲,德国法兰克福,156 ms,7972 kB/s
68.233.122.42,443,true,YUL,北美洲,Montréal,79 ms,7965 kB/s
158.180.66.116,443,true,SIN,亚太,新加坡,189 ms,7959 kB/s
89.168.40.192,443,true,CDG,欧洲,法国巴黎,141 ms,7958 kB/s
158.101.132.216,8443,true,NRT,亚太,日本东京,100 ms,7951 kB/s
140.245.109.233,443,true,SIN,亚太,新加坡,183 ms,7949 kB/s
129.154.198.19,443,true,ICN,亚太,韩国首尔,129 ms,7948 kB/s
141.148.245.234,443,true,FRA,欧洲,德国法兰克福,165 ms,7925 kB/s
84.235.174.213,443,true,FRA,欧洲,德国法兰克福,165 ms,7912 kB/s
168.107.20.245,443,true,SIN,亚太,新加坡,188 ms,7890 kB/s
134.98.135.2,443,true,FRA,欧洲,德国法兰克福,159 ms,7871 kB/s
92.5.239.124,443,true,FRA,欧洲,德国法兰克福,168 ms,7840 kB/s
92.4.167.207,443,true,CDG,欧洲,法国巴黎,148 ms,7829 kB/s
152.70.57.159,443,true,FRA,欧洲,德国法兰克福,167 ms,7817 kB/s
132.145.240.159,443,true,FRA,欧洲,德国法兰克福,156 ms,7789 kB/s
140.83.54.126,34237,true,KIX,亚太,大阪,103 ms,7788 kB/s
138.3.209.239,443,true,NRT,亚太,日本东京,104 ms,7762 kB/s
134.185.110.109,443,true,ICN,亚太,韩国首尔,140 ms,7748 kB/s
143.47.181.23,443,true,AMS,欧洲,荷兰阿姆斯特丹,159 ms,7700 kB/s
141.147.144.109,443,true,KIX,亚太,大阪,103 ms,7639 kB/s
140.245.71.116,443,true,SIN,亚太,新加坡,188 ms,7612 kB/s
168.110.52.57,443,true,NRT,亚太,日本东京,121 ms,7535 kB/s
192.9.175.224,443,true,SYD,大洋洲,澳大利亚悉尼,160 ms,7517 kB/s
213.35.100.70,443,true,SIN,亚太,新加坡,168 ms,7511 kB/s
134.185.81.187,443,true,SIN,亚太,新加坡,178 ms,7506 kB/s
130.162.62.94,443,true,FRA,欧洲,德国法兰克福,160 ms,7494 kB/s
213.35.124.112,443,true,SIN,亚太,新加坡,174 ms,7463 kB/s
141.147.174.80,443,true,NRT,亚太,日本东京,104 ms,7462 kB/s
132.226.229.172,443,true,SIN,亚太,新加坡,206 ms,7455 kB/s
204.216.210.217,443,true,MXP,欧洲,意大利米兰,148 ms,7445 kB/s
141.148.224.105,443,true,AMS,欧洲,荷兰阿姆斯特丹,157 ms,7431 kB/s
161.118.140.189,443,true,ICN,亚太,韩国首尔,149 ms,7428 kB/s
158.178.145.90,443,true,FRA,欧洲,德国法兰克福,163 ms,7401 kB/s
92.5.232.228,443,true,FRA,欧洲,德国法兰克福,164 ms,7398 kB/s
158.178.232.251,443,true,SIN,亚太,新加坡,172 ms,7385 kB/s
141.144.207.231,443,true,AMS,欧洲,荷兰阿姆斯特丹,157 ms,7383 kB/s
145.241.170.252,443,true,CDG,欧洲,法国巴黎,144 ms,7349 kB/s
158.101.221.2,443,true,FRA,欧洲,德国法兰克福,173 ms,7332 kB/s
152.70.60.192,443,true,FRA,欧洲,德国法兰克福,159 ms,7330 kB/s
134.185.101.77,443,true,SIN,亚太,新加坡,187 ms,7330 kB/s
158.178.155.213,443,true,AMS,欧洲,荷兰阿姆斯特丹,157 ms,7282 kB/s
150.230.20.110,443,true,FRA,欧洲,德国法兰克福,173 ms,7281 kB/s
158.180.82.255,443,true,ICN,亚太,韩国首尔,143 ms,7273 kB/s
158.178.151.13,443,true,AMS,欧洲,荷兰阿姆斯特丹,156 ms,7270 kB/s
134.98.154.96,443,true,FRA,欧洲,德国法兰克福,167 ms,7266 kB/s
141.147.96.99,443,true,FRA,欧洲,德国法兰克福,158 ms,7265 kB/s
64.110.72.90,443,true,SIN,亚太,新加坡,203 ms,7260 kB/s
158.101.190.78,443,true,FRA,欧洲,德国法兰克福,157 ms,7238 kB/s
145.241.246.166,443,true,FRA,欧洲,德国法兰克福,150 ms,7230 kB/s
141.147.33.135,443,true,FRA,欧洲,德国法兰克福,166 ms,7211 kB/s
168.107.30.235,443,true,SIN,亚太,新加坡,234 ms,7193 kB/s
158.178.237.147,443,true,SIN,亚太,新加坡,173 ms,7191 kB/s
213.35.126.59,443,true,SIN,亚太,新加坡,182 ms,7175 kB/s
134.185.98.66,443,true,SIN,亚太,新加坡,187 ms,7160 kB/s
168.107.45.203,443,true,ICN,亚太,韩国首尔,140 ms,7144 kB/s
140.238.35.144,443,true,NRT,亚太,日本东京,104 ms,7130 kB/s
168.107.17.80,443,true,ICN,亚太,韩国首尔,142 ms,7113 kB/s
64.110.96.254,443,true,KIX,亚太,大阪,103 ms,7110 kB/s
134.185.106.217,443,true,SIN,亚太,新加坡,186 ms,7051 kB/s
213.35.127.18,443,true,SIN,亚太,新加坡,173 ms,7049 kB/s
158.179.189.204,443,true,SIN,亚太,新加坡,193 ms,6991 kB/s
141.144.193.195,443,true,FRA,欧洲,德国法兰克福,164 ms,6987 kB/s
193.123.33.182,443,true,FRA,欧洲,德国法兰克福,171 ms,6970 kB/s
155.248.163.212,443,true,NRT,亚太,日本东京,100 ms,6932 kB/s
155.248.185.105,443,true,NRT,亚太,日本东京,123 ms,6908 kB/s
150.230.23.145,443,true,FRA,欧洲,德国法兰克福,165 ms,6853 kB/s
143.47.187.175,443,true,FRA,欧洲,德国法兰克福,163 ms,6840 kB/s
168.138.189.91,443,true,SIN,亚太,新加坡,168 ms,6829 kB/s
130.162.165.44,443,true,FRA,欧洲,德国法兰克福,155 ms,6825 kB/s
84.235.172.139,443,true,FRA,欧洲,德国法兰克福,170 ms,6819 kB/s
134.185.109.150,443,true,SIN,亚太,新加坡,190 ms,6794 kB/s
145.241.173.135,443,true,CDG,欧洲,法国巴黎,147 ms,6791 kB/s
129.154.50.159,443,true,ICN,亚太,韩国首尔,144 ms,6773 kB/s
138.2.174.51,443,true,FRA,欧洲,德国法兰克福,159 ms,6748 kB/s
89.168.37.253,443,true,CDG,欧洲,法国巴黎,144 ms,6742 kB/s
143.47.180.34,443,true,AMS,欧洲,荷兰阿姆斯特丹,156 ms,6721 kB/s
141.148.239.64,443,true,FRA,欧洲,德国法兰克福,159 ms,6715 kB/s
138.2.162.165,443,true,FRA,欧洲,德国法兰克福,159 ms,6699 kB/s
64.110.101.125,443,true,KIX,亚太,大阪,116 ms,6695 kB/s
140.245.58.23,443,true,SIN,亚太,新加坡,182 ms,6665 kB/s
168.107.10.185,443,true,SIN,亚太,新加坡,202 ms,6662 kB/s
129.150.35.29,587,true,SIN,亚太,新加坡,181 ms,6648 kB/s
140.245.75.144,443,true,SIN,亚太,新加坡,189 ms,6615 kB/s
134.185.107.98,443,true,SIN,亚太,新加坡,189 ms,6602 kB/s
89.168.29.193,443,true,MXP,欧洲,意大利米兰,148 ms,6571 kB/s
140.238.60.87,8443,true,NRT,亚太,日本东京,104 ms,6564 kB/s
158.178.145.81,443,true,AMS,欧洲,荷兰阿姆斯特丹,159 ms,6552 kB/s
158.101.215.190,443,true,FRA,欧洲,德国法兰克福,164 ms,6535 kB/s
152.70.38.104,443,true,SIN,亚太,新加坡,225 ms,6525 kB/s
129.146.196.8,443,true,LAX,北美洲,美国洛杉矶,10 ms,6479 kB/s
143.47.179.53,443,true,FRA,欧洲,德国法兰克福,169 ms,6423 kB/s
158.101.220.225,443,true,FRA,欧洲,德国法兰克福,162 ms,6408 kB/s
168.107.13.136,8443,true,ICN,亚太,韩国首尔,153 ms,6401 kB/s
158.180.13.225,443,true,FRA,欧洲,德国法兰克福,156 ms,6393 kB/s
168.138.192.184,8443,true,NRT,亚太,日本东京,120 ms,6390 kB/s
129.153.220.206,443,true,LAX,北美洲,美国洛杉矶,9 ms,6383 kB/s
131.186.36.130,443,true,NRT,亚太,日本东京,103 ms,6381 kB/s
140.245.66.118,443,true,ICN,亚太,韩国首尔,139 ms,6375 kB/s
141.148.158.226,2053,true,LAX,北美洲,美国洛杉矶,9 ms,6370 kB/s
64.181.227.82,443,true,SJC,北美洲,美国圣何塞,13 ms,6359 kB/s
141.148.145.112,443,true,LAX,北美洲,美国洛杉矶,9 ms,6349 kB/s
92.5.92.85,443,true,FRA,欧洲,德国法兰克福,160 ms,6345 kB/s
161.118.238.246,443,true,SIN,亚太,新加坡,176 ms,6337 kB/s
129.159.9.188,443,true,FRA,欧洲,德国法兰克福,159 ms,6331 kB/s
158.101.7.107,443,true,LAX,北美洲,美国洛杉矶,9 ms,6325 kB/s
192.9.152.240,34237,true,SJC,北美洲,美国圣何塞,15 ms,6318 kB/s
129.159.34.196,443,true,SJC,北美洲,美国圣何塞,13 ms,6317 kB/s
193.123.34.201,443,true,FRA,欧洲,德国法兰克福,166 ms,6313 kB/s
138.2.106.9,2096,true,SIN,亚太,新加坡,175 ms,6309 kB/s
141.148.167.175,8443,true,LAX,北美洲,美国洛杉矶,9 ms,6305 kB/s
134.185.84.201,8443,true,SIN,亚太,新加坡,172 ms,6300 kB/s
130.61.234.19,39738,true,FRA,欧洲,德国法兰克福,150 ms,6299 kB/s
129.146.134.26,34237,true,LAX,北美洲,美国洛杉矶,10 ms,6293 kB/s
161.118.204.200,443,true,SIN,亚太,新加坡,176 ms,6275 kB/s
141.148.228.81,443,true,FRA,欧洲,德国法兰克福,158 ms,6253 kB/s
152.70.161.245,443,true,FRA,欧洲,德国法兰克福,158 ms,6252 kB/s
129.159.47.168,2053,true,SJC,北美洲,美国圣何塞,13 ms,6249 kB/s
131.186.59.16,443,true,SIN,亚太,新加坡,169 ms,6239 kB/s
168.107.18.76,443,true,SIN,亚太,新加坡,187 ms,6238 kB/s
170.9.8.229,9443,true,SJC,北美洲,美国圣何塞,13 ms,6229 kB/s
192.18.136.255,443,true,SJC,北美洲,美国圣何塞,14 ms,6224 kB/s
141.148.187.195,443,true,LAX,北美洲,美国洛杉矶,11 ms,6216 kB/s
129.153.194.0,8443,true,LAX,北美洲,美国洛杉矶,11 ms,6205 kB/s
163.192.44.187,443,true,SJC,北美洲,美国圣何塞,14 ms,6199 kB/s
141.253.111.214,443,true,CDG,欧洲,法国巴黎,146 ms,6196 kB/s
138.2.232.216,8443,true,SJC,北美洲,美国圣何塞,13 ms,6193 kB/s
129.146.42.5,443,true,LAX,北美洲,美国洛杉矶,9 ms,6187 kB/s
129.150.48.17,443,true,SIN,亚太,新加坡,179 ms,6186 kB/s
158.179.162.86,443,true,SIN,亚太,新加坡,187 ms,6173 kB/s
192.9.157.76,443,true,SJC,北美洲,美国圣何塞,13 ms,6172 kB/s
129.146.137.214,443,true,LAX,北美洲,美国洛杉矶,9 ms,6171 kB/s
163.192.61.105,443,true,SJC,北美洲,美国圣何塞,13 ms,6166 kB/s
163.192.47.170,443,true,SJC,北美洲,美国圣何塞,13 ms,6163 kB/s
146.235.226.118,2096,true,SJC,北美洲,美国圣何塞,13 ms,6163 kB/s
129.146.254.25,443,true,LAX,北美洲,美国洛杉矶,10 ms,6160 kB/s
129.146.138.164,443,true,LAX,北美洲,美国洛杉矶,10 ms,6158 kB/s
158.101.30.153,443,true,LAX,北美洲,美国洛杉矶,10 ms,6156 kB/s
131.186.45.212,10443,true,NRT,亚太,日本东京,119 ms,6154 kB/s
192.9.156.27,39738,true,SJC,北美洲,美国圣何塞,13 ms,6153 kB/s
152.70.150.202,443,true,LAX,北美洲,美国洛杉矶,9 ms,6136 kB/s
129.146.165.161,443,true,LAX,北美洲,美国洛杉矶,9 ms,6094 kB/s
140.245.51.218,443,true,SIN,亚太,新加坡,184 ms,6068 kB/s
158.101.5.169,443,true,LAX,北美洲,美国洛杉矶,9 ms,6064 kB/s
130.162.136.227,443,true,SIN,亚太,新加坡,252 ms,6062 kB/s
152.70.253.133,443,true,SIN,亚太,新加坡,208 ms,6060 kB/s
140.245.121.94,443,true,SIN,亚太,新加坡,174 ms,6054 kB/s
130.162.130.201,443,true,SIN,亚太,新加坡,206 ms,6047 kB/s
150.230.199.151,443,true,NRT,亚太,日本东京,100 ms,6039 kB/s
168.107.11.67,443,true,SIN,亚太,新加坡,190 ms,6036 kB/s
158.101.5.192,8443,true,LAX,北美洲,美国洛杉矶,9 ms,6029 kB/s
140.245.68.141,443,true,SIN,亚太,新加坡,187 ms,5996 kB/s
129.153.214.71,443,true,LAX,北美洲,美国洛杉矶,12 ms,5986 kB/s
129.159.37.136,443,true,SJC,北美洲,美国圣何塞,13 ms,5986 kB/s
129.154.215.121,443,true,ICN,亚太,韩国首尔,133 ms,5963 kB/s
192.9.243.106,443,true,SJC,北美洲,美国圣何塞,12 ms,5959 kB/s
152.69.197.207,443,true,KIX,亚太,大阪,110 ms,5889 kB/s
168.107.9.169,443,true,SIN,亚太,新加坡,187 ms,5871 kB/s
161.118.202.136,443,true,SIN,亚太,新加坡,182 ms,5870 kB/s
159.54.175.60,8443,true,SJC,北美洲,美国圣何塞,12 ms,5870 kB/s
168.107.48.244,443,true,SIN,亚太,新加坡,189 ms,5864 kB/s
141.147.182.9,443,true,NRT,亚太,日本东京,104 ms,5858 kB/s
159.54.134.203,443,true,QRO,北美洲,Queretaro,47 ms,5853 kB/s
192.9.250.241,443,true,SJC,北美洲,美国圣何塞,13 ms,5840 kB/s
141.148.93.235,443,true,IAD,北美洲,美国阿什伯恩,58 ms,5832 kB/s
150.136.139.228,443,true,EWR,北美洲,美国纽瓦克,62 ms,5827 kB/s
161.118.223.231,443,true,SIN,亚太,新加坡,172 ms,5812 kB/s
146.235.202.197,443,true,SJC,北美洲,美国圣何塞,13 ms,5806 kB/s
140.245.114.243,443,true,SIN,亚太,新加坡,182 ms,5806 kB/s
165.1.79.166,443,true,SJC,北美洲,美国圣何塞,13 ms,5799 kB/s
150.136.243.175,443,true,IAD,北美洲,美国阿什伯恩,60 ms,5799 kB/s
213.35.108.253,443,true,SIN,亚太,新加坡,175 ms,5774 kB/s
158.180.65.242,443,true,SIN,亚太,新加坡,183 ms,5765 kB/s
151.145.65.235,443,true,NRT,亚太,日本东京,108 ms,5742 kB/s
150.136.105.229,443,true,IAD,北美洲,美国阿什伯恩,58 ms,5716 kB/s
158.178.200.7,443,true,CDG,欧洲,法国巴黎,144 ms,5701 kB/s
168.107.41.7,443,true,SIN,亚太,新加坡,182 ms,5701 kB/s
129.153.115.165,443,true,LAX,北美洲,美国洛杉矶,9 ms,5677 kB/s
143.47.96.200,443,true,IAD,北美洲,美国阿什伯恩,57 ms,5676 kB/s
168.107.36.82,443,true,SIN,亚太,新加坡,193 ms,5660 kB/s
168.107.46.8,443,true,SIN,亚太,新加坡,188 ms,5645 kB/s
143.47.106.36,4443,true,EWR,北美洲,美国纽瓦克,57 ms,5631 kB/s
193.122.126.36,443,true,ICN,亚太,韩国首尔,129 ms,5629 kB/s
64.181.247.243,443,true,SJC,北美洲,美国圣何塞,15 ms,5605 kB/s
132.226.168.79,443,true,SIN,亚太,新加坡,207 ms,5598 kB/s
134.98.145.60,443,true,AMS,欧洲,荷兰阿姆斯特丹,158 ms,5583 kB/s
158.180.83.184,443,true,SIN,亚太,新加坡,189 ms,5583 kB/s
130.162.155.222,443,true,SIN,亚太,新加坡,204 ms,5579 kB/s
146.56.176.203,443,true,SIN,亚太,新加坡,211 ms,5565 kB/s
129.150.49.70,443,true,SIN,亚太,新加坡,176 ms,5560 kB/s
138.3.216.18,587,true,NRT,亚太,日本东京,104 ms,5557 kB/s
158.101.131.94,2083,true,NRT,亚太,日本东京,103 ms,5545 kB/s
141.147.159.28,8443,true,KIX,亚太,大阪,104 ms,5544 kB/s
192.9.156.27,587,true,SJC,北美洲,美国圣何塞,13 ms,5541 kB/s
141.148.14.42,2083,true,IAD,北美洲,美国阿什伯恩,55 ms,5534 kB/s
150.230.57.124,443,true,KIX,亚太,大阪,110 ms,5530 kB/s
168.107.56.6,443,true,SIN,亚太,新加坡,186 ms,5521 kB/s
168.138.203.159,443,true,NRT,亚太,日本东京,119 ms,5513 kB/s
129.158.241.2,8443,true,IAD,北美洲,美国阿什伯恩,58 ms,5513 kB/s
161.33.190.243,443,true,NRT,亚太,日本东京,103 ms,5489 kB/s
140.245.78.131,443,true,SIN,亚太,新加坡,189 ms,5489 kB/s
132.226.169.245,587,true,ICN,亚太,韩国首尔,152 ms,5479 kB/s
217.142.241.16,8443,true,KIX,亚太,大阪,103 ms,5475 kB/s
129.213.126.80,4443,true,IAD,北美洲,美国阿什伯恩,57 ms,5475 kB/s
161.118.255.48,443,true,SIN,亚太,新加坡,180 ms,5471 kB/s
134.98.133.36,443,true,FRA,欧洲,德国法兰克福,175 ms,5462 kB/s
161.33.76.218,2053,true,MEL,大洋洲,澳大利亚墨尔本,166 ms,5439 kB/s
161.33.190.69,443,true,TPE,亚太,台北,120 ms,5436 kB/s
138.2.31.14,8443,true,NRT,亚太,日本东京,100 ms,5410 kB/s
161.33.210.166,8443,true,NRT,亚太,日本东京,119 ms,5394 kB/s
161.118.143.238,443,true,SIN,亚太,新加坡,208 ms,5390 kB/s
129.154.60.121,443,true,SIN,亚太,新加坡,188 ms,5387 kB/s
158.101.84.125,443,true,NRT,亚太,日本东京,119 ms,5374 kB/s
146.56.106.144,443,true,ICN,亚太,韩国首尔,138 ms,5358 kB/s
130.162.188.193,443,true,FRA,欧洲,德国法兰克福,161 ms,5347 kB/s
168.107.60.49,443,true,ICN,亚太,韩国首尔,138 ms,5337 kB/s
140.238.62.219,34237,true,NRT,亚太,日本东京,123 ms,5314 kB/s
138.3.217.167,587,true,NRT,亚太,日本东京,100 ms,5300 kB/s
155.248.163.243,443,true,NRT,亚太,日本东京,107 ms,5295 kB/s
132.226.5.189,34237,true,NRT,亚太,日本东京,123 ms,5282 kB/s
168.110.52.52,443,true,NRT,亚太,日本东京,100 ms,5282 kB/s
138.2.30.150,443,true,NRT,亚太,日本东京,100 ms,5281 kB/s
129.159.119.161,443,true,IAD,北美洲,美国阿什伯恩,62 ms,5277 kB/s
192.18.131.0,443,true,SJC,北美洲,美国圣何塞,14 ms,5271 kB/s
161.118.131.134,443,true,SIN,亚太,新加坡,250 ms,5268 kB/s
158.101.145.82,443,true,NRT,亚太,日本东京,120 ms,5263 kB/s
161.118.151.101,443,true,ICN,亚太,韩国首尔,148 ms,5261 kB/s
134.185.110.40,8443,true,ICN,亚太,韩国首尔,140 ms,5261 kB/s
152.67.153.93,443,true,LHR,欧洲,英国伦敦,133 ms,5260 kB/s
158.179.193.81,8443,true,ICN,亚太,韩国首尔,143 ms,5249 kB/s
132.226.210.229,443,true,LHR,欧洲,英国伦敦,132 ms,5245 kB/s
140.238.70.132,587,true,LHR,欧洲,英国伦敦,132 ms,5244 kB/s
138.2.39.24,443,true,KIX,亚太,大阪,103 ms,5241 kB/s
158.179.176.239,443,true,NRT,亚太,日本东京,100 ms,5240 kB/s
138.2.62.8,443,true,KIX,亚太,大阪,103 ms,5238 kB/s
132.226.23.185,443,true,ICN,亚太,韩国首尔,137 ms,5231 kB/s
150.136.6.109,443,true,IAD,北美洲,美国阿什伯恩,59 ms,5230 kB/s
213.35.111.46,443,true,SIN,亚太,新加坡,174 ms,5223 kB/s
140.238.225.218,80,true,BOM,亚太,印度孟买,240 ms,5209 kB/s
161.33.222.130,8443,true,NRT,亚太,日本东京,113 ms,5206 kB/s
152.70.93.86,8443,true,ICN,亚太,韩国首尔,149 ms,5189 kB/s
131.186.27.112,2096,true,ICN,亚太,韩国首尔,133 ms,5186 kB/s
64.110.104.30,443,true,KIX,亚太,大阪,103 ms,5186 kB/s
129.158.198.241,8443,true,IAD,北美洲,美国阿什伯恩,61 ms,5184 kB/s
146.56.166.49,443,true,ICN,亚太,韩国首尔,129 ms,5182 kB/s
40.233.99.248,443,true,YYZ,北美洲,加拿大多伦多,63 ms,5178 kB/s
141.253.114.88,443,true,CDG,欧洲,法国巴黎,143 ms,5178 kB/s
168.107.63.60,443,true,SIN,亚太,新加坡,187 ms,5178 kB/s
150.136.56.43,2083,true,IAD,北美洲,美国阿什伯恩,60 ms,5173 kB/s
152.70.253.84,8443,true,ICN,亚太,韩国首尔,131 ms,5172 kB/s
92.5.106.74,443,true,FRA,欧洲,德国法兰克福,155 ms,5171 kB/s
152.70.239.74,443,true,ICN,亚太,韩国首尔,133 ms,5169 kB/s
144.24.80.157,443,true,SIN,亚太,新加坡,188 ms,5164 kB/s
146.56.110.135,34237,true,ICN,亚太,韩国首尔,141 ms,5159 kB/s
64.181.255.215,443,true,SJC,北美洲,美国圣何塞,13 ms,5159 kB/s
161.118.206.103,8443,true,SIN,亚太,新加坡,175 ms,5156 kB/s
130.162.132.38,443,true,ICN,亚太,韩国首尔,148 ms,5154 kB/s
168.138.15.142,8443,true,MEL,大洋洲,澳大利亚墨尔本,165 ms,5153 kB/s
134.185.97.168,443,true,ICN,亚太,韩国首尔,142 ms,5152 kB/s
168.107.59.212,443,true,ICN,亚太,韩国首尔,138 ms,5146 kB/s
141.147.114.60,443,true,LHR,欧洲,英国伦敦,136 ms,5141 kB/s
217.142.235.112,443,true,KIX,亚太,大阪,103 ms,5129 kB/s
161.33.208.75,443,true,NRT,亚太,日本东京,102 ms,5129 kB/s
158.180.78.65,443,true,ICN,亚太,韩国首尔,141 ms,5125 kB/s
138.2.117.41,587,true,ICN,亚太,韩国首尔,142 ms,5124 kB/s
146.56.173.243,443,true,ICN,亚太,韩国首尔,133 ms,5122 kB/s
64.110.108.164,443,true,KIX,亚太,大阪,104 ms,5121 kB/s
141.147.185.63,443,true,NRT,亚太,日本东京,100 ms,5116 kB/s
138.2.115.214,587,true,ICN,亚太,韩国首尔,143 ms,5113 kB/s
141.144.200.19,8443,true,AMS,欧洲,荷兰阿姆斯特丹,154 ms,5111 kB/s
140.238.58.181,2053,true,NRT,亚太,日本东京,119 ms,5107 kB/s
161.33.197.129,443,true,NRT,亚太,日本东京,104 ms,5103 kB/s
134.185.99.132,443,true,ICN,亚太,韩国首尔,138 ms,5086 kB/s
144.24.200.164,443,true,MRS,欧洲,法国马赛,156 ms,5074 kB/s
138.2.122.191,443,true,ICN,亚太,韩国首尔,139 ms,5073 kB/s
89.168.100.165,443,true,FRA,欧洲,德国法兰克福,154 ms,5071 kB/s
144.24.92.92,34237,true,ICN,亚太,韩国首尔,143 ms,5069 kB/s
129.80.68.208,443,true,IAD,北美洲,美国阿什伯恩,58 ms,5067 kB/s
140.238.2.81,587,true,ICN,亚太,韩国首尔,129 ms,5065 kB/s
152.70.243.255,443,true,SIN,亚太,新加坡,224 ms,5065 kB/s
152.70.244.205,443,true,ICN,亚太,韩国首尔,149 ms,5061 kB/s
161.118.157.194,443,true,SIN,亚太,新加坡,208 ms,5060 kB/s
150.230.100.130,10443,true,NRT,亚太,日本东京,104 ms,5052 kB/s
168.107.7.24,8443,true,ICN,亚太,韩国首尔,140 ms,5046 kB/s
129.152.14.155,34237,true,MXP,欧洲,意大利米兰,148 ms,5034 kB/s
150.230.159.76,443,true,FRA,欧洲,德国法兰克福,150 ms,5032 kB/s
150.230.146.170,2053,true,FRA,欧洲,德国法兰克福,153 ms,5027 kB/s
193.122.107.234,443,true,ICN,亚太,韩国首尔,129 ms,5023 kB/s
140.238.55.84,39738,true,NRT,亚太,日本东京,123 ms,5023 kB/s
140.238.8.100,8443,true,ICN,亚太,韩国首尔,130 ms,5016 kB/s
138.2.5.136,443,true,NRT,亚太,日本东京,100 ms,5016 kB/s
161.33.7.163,443,true,KIX,亚太,大阪,110 ms,5006 kB/s
144.21.51.51,443,true,LHR,欧洲,英国伦敦,132 ms,4994 kB/s
161.118.143.149,443,true,ICN,亚太,韩国首尔,136 ms,4993 kB/s
158.178.215.52,443,true,CDG,欧洲,法国巴黎,148 ms,4983 kB/s
64.110.81.226,443,true,ICN,亚太,韩国首尔,129 ms,4973 kB/s
141.147.92.143,8443,true,LHR,欧洲,英国伦敦,131 ms,4959 kB/s
129.154.220.126,8443,true,ICN,亚太,韩国首尔,132 ms,4955 kB/s
140.245.57.212,8443,true,SIN,亚太,新加坡,178 ms,4946 kB/s
168.107.53.214,8443,true,ICN,亚太,韩国首尔,143 ms,4942 kB/s
193.123.233.175,443,true,ICN,亚太,韩国首尔,133 ms,4942 kB/s
213.35.122.203,8443,true,SIN,亚太,新加坡,179 ms,4920 kB/s
129.154.220.126,2053,true,ICN,亚太,韩国首尔,132 ms,4909 kB/s
168.107.59.65,443,true,SIN,亚太,新加坡,236 ms,4906 kB/s
207.211.146.175,443,true,MEL,大洋洲,澳大利亚墨尔本,167 ms,4898 kB/s
140.238.29.48,8443,true,ICN,亚太,韩国首尔,152 ms,4893 kB/s
152.67.212.64,8443,true,ICN,亚太,韩国首尔,142 ms,4885 kB/s
168.107.36.98,443,true,SIN,亚太,新加坡,187 ms,4882 kB/s
152.70.94.86,443,true,SIN,亚太,新加坡,205 ms,4871 kB/s
140.238.68.197,34237,true,LHR,欧洲,英国伦敦,132 ms,4870 kB/s
150.230.254.196,34237,true,ICN,亚太,韩国首尔,143 ms,4868 kB/s
152.67.208.8,443,true,ICN,亚太,韩国首尔,138 ms,4864 kB/s
144.24.68.111,443,true,ICN,亚太,韩国首尔,145 ms,4855 kB/s
130.162.130.105,443,true,ICN,亚太,韩国首尔,152 ms,4853 kB/s
129.154.220.126,2083,true,ICN,亚太,韩国首尔,152 ms,4847 kB/s
131.186.22.39,34237,true,ICN,亚太,韩国首尔,132 ms,4842 kB/s
84.235.160.223,443,true,AMS,欧洲,荷兰阿姆斯特丹,154 ms,4837 kB/s
138.2.31.37,443,true,NRT,亚太,日本东京,119 ms,4834 kB/s
140.238.208.210,443,true,ZRH,欧洲,苏黎世,162 ms,4823 kB/s
150.230.14.79,8443,true,SYD,大洋洲,澳大利亚悉尼,161 ms,4822 kB/s
146.56.41.87,8443,true,ICN,亚太,韩国首尔,130 ms,4820 kB/s
89.168.110.240,443,true,FRA,欧洲,德国法兰克福,154 ms,4820 kB/s
152.69.227.97,587,true,ICN,亚太,韩国首尔,141 ms,4814 kB/s
207.211.157.214,443,true,MEL,大洋洲,澳大利亚墨尔本,166 ms,4813 kB/s
193.122.150.98,587,true,IAD,北美洲,美国阿什伯恩,55 ms,4797 kB/s
152.70.234.76,443,true,SIN,亚太,新加坡,206 ms,4796 kB/s
168.107.36.198,443,true,SIN,亚太,新加坡,189 ms,4782 kB/s
158.178.230.113,8443,true,SIN,亚太,新加坡,187 ms,4773 kB/s
217.142.143.150,443,true,SIN,亚太,新加坡,225 ms,4761 kB/s
165.1.75.221,34237,true,SJC,北美洲,美国圣何塞,13 ms,4759 kB/s
192.9.162.124,8443,true,SYD,大洋洲,澳大利亚悉尼,160 ms,4753 kB/s
168.107.36.117,443,true,SIN,亚太,新加坡,196 ms,4748 kB/s
193.123.161.116,443,true,NRT,亚太,日本东京,107 ms,4746 kB/s
193.122.96.51,443,true,SIN,亚太,新加坡,208 ms,4745 kB/s
193.123.236.139,443,true,SIN,亚太,新加坡,250 ms,4744 kB/s
207.211.158.26,443,true,MEL,大洋洲,澳大利亚墨尔本,164 ms,4733 kB/s
130.61.187.66,443,true,FRA,欧洲,德国法兰克福,152 ms,4732 kB/s
168.138.25.219,39738,true,MEL,大洋洲,澳大利亚墨尔本,164 ms,4731 kB/s
129.154.207.117,443,true,SIN,亚太,新加坡,209 ms,4727 kB/s
150.230.232.2,34237,true,BOM,亚太,印度孟买,231 ms,4722 kB/s
146.56.188.74,443,true,ICN,亚太,韩国首尔,129 ms,4720 kB/s
152.67.41.217,443,true,GRU,南美,巴西圣保罗,168 ms,4719 kB/s
144.24.94.127,443,true,ICN,亚太,韩国首尔,139 ms,4717 kB/s
150.230.78.183,443,true,GRU,南美,巴西圣保罗,169 ms,4711 kB/s
131.186.62.78,34237,true,NRT,亚太,日本东京,100 ms,4709 kB/s
92.5.22.252,443,true,FRA,欧洲,德国法兰克福,152 ms,4708 kB/s
132.226.197.103,443,true,FRA,欧洲,德国法兰克福,153 ms,4690 kB/s
138.2.111.212,443,true,SIN,亚太,新加坡,174 ms,4689 kB/s
158.101.179.18,39738,true,FRA,欧洲,德国法兰克福,154 ms,4677 kB/s
161.33.76.218,8443,true,MEL,大洋洲,澳大利亚墨尔本,164 ms,4668 kB/s
147.224.58.153,443,true,SJC,北美洲,美国圣何塞,13 ms,4664 kB/s
152.69.186.167,443,true,MEL,大洋洲,澳大利亚墨尔本,164 ms,4647 kB/s
159.13.39.9,8443,true,SYD,大洋洲,澳大利亚悉尼,160 ms,4647 kB/s
134.98.152.240,443,true,FRA,欧洲,德国法兰克福,168 ms,4634 kB/s
130.61.203.81,443,true,FRA,欧洲,德国法兰克福,150 ms,4628 kB/s
92.5.12.76,443,true,FRA,欧洲,德国法兰克福,154 ms,4619 kB/s
129.150.40.73,443,true,SIN,亚太,新加坡,172 ms,4605 kB/s
138.2.116.60,443,true,SIN,亚太,新加坡,188 ms,4581 kB/s
130.162.133.84,443,true,SIN,亚太,新加坡,226 ms,4572 kB/s
158.179.172.85,443,true,SIN,亚太,新加坡,187 ms,4568 kB/s
138.2.167.26,443,true,FRA,欧洲,德国法兰克福,150 ms,4557 kB/s
161.33.158.241,443,true,NRT,亚太,日本东京,100 ms,4557 kB/s
130.162.128.38,443,true,SIN,亚太,新加坡,202 ms,4556 kB/s
131.186.25.156,2087,true,ICN,亚太,韩国首尔,130 ms,4554 kB/s
168.107.3.46,443,true,ICN,亚太,韩国首尔,138 ms,4539 kB/s
140.245.107.0,8443,true,SIN,亚太,新加坡,179 ms,4509 kB/s
161.118.251.240,443,true,SIN,亚太,新加坡,172 ms,4509 kB/s
152.67.68.62,8443,true,ZRH,欧洲,苏黎世,161 ms,4502 kB/s
129.154.199.93,443,true,ICN,亚太,韩国首尔,130 ms,4501 kB/s
64.110.105.93,2087,true,KIX,亚太,大阪,107 ms,4500 kB/s
150.230.217.114,443,true,SIN,亚太,新加坡,174 ms,4495 kB/s
152.70.232.72,443,true,ICN,亚太,韩国首尔,148 ms,4488 kB/s
146.56.180.103,443,true,ICN,亚太,韩国首尔,129 ms,4482 kB/s
143.47.183.211,443,true,AMS,欧洲,荷兰阿姆斯特丹,156 ms,4478 kB/s
140.238.208.240,443,true,ZRH,欧洲,苏黎世,157 ms,4474 kB/s
64.110.68.70,443,true,SIN,亚太,新加坡,220 ms,4470 kB/s
150.230.249.88,443,true,ICN,亚太,韩国首尔,139 ms,4462 kB/s
168.107.62.234,443,true,ICN,亚太,韩国首尔,142 ms,4461 kB/s
134.185.108.199,8443,true,ICN,亚太,韩国首尔,142 ms,4443 kB/s
134.185.114.221,443,true,SIN,亚太,新加坡,234 ms,4443 kB/s
158.178.148.48,2087,true,AMS,欧洲,荷兰阿姆斯特丹,155 ms,4432 kB/s
161.118.220.38,443,true,SIN,亚太,新加坡,176 ms,4432 kB/s
140.245.71.120,34237,true,ICN,亚太,韩国首尔,140 ms,4430 kB/s
134.185.115.235,443,true,SIN,亚太,新加坡,189 ms,4427 kB/s
158.180.88.1,34237,true,ICN,亚太,韩国首尔,143 ms,4395 kB/s
158.178.236.213,10443,true,SIN,亚太,新加坡,172 ms,4395 kB/s
140.245.97.30,443,true,SIN,亚太,新加坡,176 ms,4385 kB/s
161.118.218.224,443,true,SIN,亚太,新加坡,175 ms,4373 kB/s
134.185.117.121,443,true,SIN,亚太,新加坡,236 ms,4362 kB/s
129.158.198.241,2053,true,IAD,北美洲,美国阿什伯恩,74 ms,4350 kB/s
129.151.69.135,443,true,LHR,欧洲,英国伦敦,146 ms,4338 kB/s
158.178.238.239,4433,true,SIN,亚太,新加坡,172 ms,4330 kB/s
64.110.82.53,443,true,ICN,亚太,韩国首尔,149 ms,4325 kB/s
168.138.165.174,443,true,NRT,亚太,日本东京,168 ms,4318 kB/s
152.67.64.55,443,true,ZRH,欧洲,苏黎世,158 ms,4308 kB/s
80.225.206.1,443,true,BOM,亚太,印度孟买,238 ms,4294 kB/s
168.107.21.167,443,true,SIN,亚太,新加坡,184 ms,4287 kB/s
158.101.199.249,8443,true,AMS,欧洲,荷兰阿姆斯特丹,155 ms,4281 kB/s
168.107.29.97,8443,true,ICN,亚太,韩国首尔,139 ms,4258 kB/s
158.180.81.207,443,true,ICN,亚太,韩国首尔,140 ms,4240 kB/s
161.33.14.183,8443,true,KIX,亚太,大阪,103 ms,4230 kB/s
152.67.125.174,443,true,SYD,大洋洲,澳大利亚悉尼,160 ms,4227 kB/s
158.178.155.162,8443,true,AMS,欧洲,荷兰阿姆斯特丹,160 ms,4218 kB/s
141.253.118.231,443,true,CDG,欧洲,法国巴黎,146 ms,4216 kB/s
130.61.12.163,443,true,FRA,欧洲,德国法兰克福,152 ms,4204 kB/s
138.3.254.178,443,true,FRA,欧洲,德国法兰克福,154 ms,4202 kB/s
150.230.35.200,443,true,SJC,北美洲,美国圣何塞,13 ms,4184 kB/s
213.35.101.176,443,true,SIN,亚太,新加坡,175 ms,4182 kB/s
140.245.57.184,8443,true,SIN,亚太,新加坡,184 ms,4179 kB/s
140.245.74.148,443,true,SIN,亚太,新加坡,187 ms,4173 kB/s
132.226.228.172,443,true,SIN,亚太,新加坡,202 ms,4167 kB/s
163.192.47.40,443,true,SJC,北美洲,美国圣何塞,13 ms,4161 kB/s
132.226.0.87,10443,true,NRT,亚太,日本东京,100 ms,4146 kB/s
158.179.162.144,443,true,SIN,亚太,新加坡,187 ms,4138 kB/s
152.67.223.73,4433,true,ICN,亚太,韩国首尔,142 ms,4114 kB/s
161.118.202.100,443,true,SIN,亚太,新加坡,169 ms,4114 kB/s
193.123.225.106,34237,true,ICN,亚太,韩国首尔,133 ms,4104 kB/s
161.33.172.211,443,true,SIN,亚太,新加坡,173 ms,4086 kB/s
144.24.73.232,443,true,ICN,亚太,韩国首尔,143 ms,4083 kB/s
158.179.166.230,443,true,ICN,亚太,韩国首尔,137 ms,4064 kB/s
158.180.72.60,443,true,ICN,亚太,韩国首尔,140 ms,4045 kB/s
131.186.24.124,587,true,ICN,亚太,韩国首尔,129 ms,4032 kB/s
129.154.251.30,8443,true,BOM,亚太,印度孟买,236 ms,4026 kB/s
146.56.181.152,443,true,SIN,亚太,新加坡,224 ms,4002 kB/s
168.107.5.23,8443,true,ICN,亚太,韩国首尔,138 ms,3994 kB/s
150.230.22.169,443,true,FRA,欧洲,德国法兰克福,171 ms,3963 kB/s
89.168.56.184,443,true,CDG,欧洲,法国巴黎,147 ms,3949 kB/s
138.2.85.81,2083,true,SIN,亚太,新加坡,173 ms,3938 kB/s
152.67.85.239,443,true,ZRH,欧洲,苏黎世,161 ms,3907 kB/s
152.67.84.47,443,true,ZRH,欧洲,苏黎世,159 ms,3906 kB/s
140.245.112.109,443,true,SIN,亚太,新加坡,171 ms,3843 kB/s
168.107.35.185,443,true,SIN,亚太,新加坡,235 ms,3837 kB/s
140.245.76.193,443,true,ICN,亚太,韩国首尔,139 ms,3823 kB/s
144.24.155.126,4443,true,MAA,亚太,印度清奈,240 ms,3818 kB/s
140.245.42.216,2053,true,SIN,亚太,新加坡,169 ms,3803 kB/s
168.107.21.186,443,true,SIN,亚太,新加坡,187 ms,3778 kB/s
131.186.17.132,443,true,ICN,亚太,韩国首尔,152 ms,3767 kB/s
152.70.39.109,443,true,SIN,亚太,新加坡,206 ms,3754 kB/s
141.144.233.231,9443,true,FRA,欧洲,德国法兰克福,149 ms,3739 kB/s
140.245.38.40,2096,true,SIN,亚太,新加坡,177 ms,3719 kB/s
129.154.44.99,443,true,HYD,亚太,Hyderabad,241 ms,3686 kB/s
151.145.79.47,443,true,NRT,亚太,日本东京,101 ms,3679 kB/s
144.24.83.227,4443,true,ICN,亚太,韩国首尔,142 ms,3655 kB/s
141.147.85.167,8443,true,LHR,欧洲,英国伦敦,132 ms,3645 kB/s
158.101.183.27,8443,true,FRA,欧洲,德国法兰克福,151 ms,3633 kB/s
146.235.199.164,443,true,SJC,北美洲,美国圣何塞,13 ms,3622 kB/s
152.70.59.90,8443,true,AMS,欧洲,荷兰阿姆斯特丹,155 ms,3603 kB/s
158.101.190.78,4443,true,FRA,欧洲,德国法兰克福,154 ms,3587 kB/s
168.107.47.49,443,true,SIN,亚太,新加坡,193 ms,3575 kB/s
140.245.103.177,443,true,SIN,亚太,新加坡,175 ms,3568 kB/s
141.253.102.254,443,true,CDG,欧洲,法国巴黎,143 ms,3565 kB/s
155.248.181.189,443,true,NRT,亚太,日本东京,107 ms,3555 kB/s
161.118.211.245,443,true,SIN,亚太,新加坡,178 ms,3545 kB/s
146.56.107.191,27015,true,ICN,亚太,韩国首尔,140 ms,3532 kB/s
139.185.38.137,2053,true,DXB,中东,Dubai,265 ms,3522 kB/s
145.241.108.247,2083,true,ATH,欧洲,Athens,220 ms,3510 kB/s
138.2.59.112,443,true,KIX,亚太,大阪,110 ms,3504 kB/s
168.107.25.241,443,true,SIN,亚太,新加坡,187 ms,3502 kB/s
134.185.98.94,443,true,SIN,亚太,新加坡,235 ms,3501 kB/s
152.67.212.192,443,true,SIN,亚太,新加坡,189 ms,3494 kB/s
193.123.81.105,443,true,DXB,中东,Dubai,254 ms,3433 kB/s
193.123.255.8,443,true,SIN,亚太,新加坡,209 ms,3432 kB/s
168.107.42.38,443,true,SIN,亚太,新加坡,191 ms,3419 kB/s
129.151.198.3,2053,true,ARN,欧洲,瑞典斯德哥尔摩,146 ms,3408 kB/s
140.245.243.137,8443,true,MAA,亚太,印度清奈,241 ms,3361 kB/s
138.2.64.229,443,true,SIN,亚太,新加坡,177 ms,3307 kB/s
132.226.163.224,2053,true,GRU,南美,巴西圣保罗,168 ms,3300 kB/s
193.123.59.103,443,true,AMS,欧洲,荷兰阿姆斯特丹,159 ms,3299 kB/s
84.8.142.203,443,true,JNB,非洲,南非约翰尼斯堡,286 ms,3299 kB/s
161.118.167.175,443,true,BOM,亚太,印度孟买,233 ms,3277 kB/s
158.180.77.154,443,true,ICN,亚太,韩国首尔,139 ms,3235 kB/s
144.24.139.137,8443,true,HYD,亚太,Hyderabad,240 ms,3204 kB/s
161.118.207.79,443,true,SIN,亚太,新加坡,172 ms,3199 kB/s
79.76.109.208,443,true,FRA,欧洲,德国法兰克福,153 ms,3182 kB/s
146.56.138.101,443,true,SIN,亚太,新加坡,254 ms,3133 kB/s
152.67.30.74,34237,true,BOM,亚太,印度孟买,236 ms,3102 kB/s
130.61.20.131,443,true,FRA,欧洲,德国法兰克福,150 ms,3087 kB/s
193.123.62.148,443,true,FRA,欧洲,德国法兰克福,171 ms,3032 kB/s
158.180.68.64,443,true,SIN,亚太,新加坡,190 ms,3024 kB/s
92.5.10.103,443,true,FRA,欧洲,德国法兰克福,150 ms,2920 kB/s
131.186.25.6,443,true,SIN,亚太,新加坡,251 ms,2912 kB/s
132.226.226.188,443,true,SIN,亚太,新加坡,221 ms,2905 kB/s
158.178.234.153,443,true,SIN,亚太,新加坡,172 ms,2860 kB/s
134.185.114.155,443,true,HKG,亚太,香港,189 ms,2843 kB/s
130.61.107.238,8443,true,FRA,欧洲,德国法兰克福,153 ms,2831 kB/s
140.83.38.177,34237,true,NRT,亚太,日本东京,103 ms,2823 kB/s
132.145.29.208,443,true,LHR,欧洲,英国伦敦,131 ms,2789 kB/s
141.147.78.101,443,true,LHR,欧洲,英国伦敦,132 ms,2772 kB/s
158.180.94.19,443,true,SIN,亚太,新加坡,189 ms,2744 kB/s
168.138.181.202,2087,true,SIN,亚太,新加坡,173 ms,2696 kB/s
193.122.109.19,443,true,ICN,亚太,韩国首尔,148 ms,2657 kB/s
151.145.68.29,443,true,NRT,亚太,日本东京,119 ms,2626 kB/s
152.70.246.238,443,true,SIN,亚太,新加坡,208 ms,2570 kB/s
129.154.225.27,443,true,BOM,亚太,印度孟买,240 ms,2567 kB/s
84.8.137.211,443,true,JNB,非洲,南非约翰尼斯堡,288 ms,2523 kB/s
139.185.36.127,39738,true,DXB,中东,Dubai,248 ms,2487 kB/s
140.245.59.102,8443,true,SIN,亚太,新加坡,248 ms,2481 kB/s
129.154.211.146,443,true,ICN,亚太,韩国首尔,130 ms,2445 kB/s
158.180.12.117,443,true,AMS,欧洲,荷兰阿姆斯特丹,152 ms,2417 kB/s
193.123.244.37,34237,true,ICN,亚太,韩国首尔,148 ms,2388 kB/s
140.238.208.12,443,true,ZRH,欧洲,苏黎世,161 ms,2321 kB/s
193.123.90.212,443,true,DXB,中东,Dubai,249 ms,2312 kB/s
40.233.71.238,443,true,YYZ,北美洲,加拿大多伦多,62 ms,2289 kB/s
140.238.50.134,443,true,NRT,亚太,日本东京,107 ms,2263 kB/s
193.123.64.131,443,true,CDG,欧洲,法国巴黎,255 ms,2262 kB/s
146.235.59.153,8443,true,GRU,南美,巴西圣保罗,173 ms,2228 kB/s
152.67.142.37,443,true,LHR,欧洲,英国伦敦,130 ms,2218 kB/s
158.179.168.94,443,true,SIN,亚太,新加坡,234 ms,2161 kB/s
134.185.93.231,443,true,SIN,亚太,新加坡,179 ms,2158 kB/s
129.154.215.235,443,true,SIN,亚太,新加坡,205 ms,2146 kB/s
192.9.136.160,39738,true,SJC,北美洲,美国圣何塞,19 ms,2115 kB/s
129.159.241.172,443,true,FRA,欧洲,德国法兰克福,151 ms,2076 kB/s
139.185.34.131,443,true,DXB,中东,Dubai,256 ms,2075 kB/s
146.56.101.164,34237,true,ICN,亚太,韩国首尔,139 ms,1995 kB/s
193.122.118.149,34237,true,ICN,亚太,韩国首尔,129 ms,1988 kB/s
150.230.5.126,443,true,KIX,亚太,大阪,103 ms,1962 kB/s
146.56.36.239,443,true,SIN,亚太,新加坡,224 ms,1893 kB/s
141.144.195.228,443,true,AMS,欧洲,荷兰阿姆斯特丹,156 ms,1711 kB/s
161.33.16.188,443,true,SIN,亚太,新加坡,110 ms,1697 kB/s
84.235.245.75,8443,true,MRS,欧洲,法国马赛,254 ms,1655 kB/s
130.162.198.206,443,true,MEL,大洋洲,澳大利亚墨尔本,165 ms,1650 kB/s
89.168.108.209,443,true,FRA,欧洲,德国法兰克福,152 ms,1624 kB/s
140.245.62.90,2096,true,SIN,亚太,新加坡,189 ms,1593 kB/s
161.33.17.2,443,true,KIX,亚太,大阪,174 ms,1592 kB/s
79.72.91.32,443,true,LHR,欧洲,英国伦敦,136 ms,1471 kB/s
89.168.41.228,2053,true,CDG,欧洲,法国巴黎,144 ms,1161 kB/s
158.180.49.11,2053,true,FRA,欧洲,德国法兰克福,150 ms,1140 kB/s
141.145.151.93,443,true,CDG,欧洲,法国巴黎,257 ms,1134 kB/s
170.9.43.85,443,true,YYZ,北美洲,加拿大多伦多,88 ms,1095 kB/s
130.61.145.238,2083,true,FRA,欧洲,德国法兰克福,153 ms,1037 kB/s
141.145.199.188,443,true,CDG,欧洲,法国巴黎,148 ms,1015 kB/s
213.35.107.73,443,true,SIN,亚太,新加坡,186 ms,893 kB/s
129.159.84.71,443,true,IAD,北美洲,美国阿什伯恩,57 ms,892 kB/s
213.35.98.77,8443,true,SIN,亚太,新加坡,174 ms,806 kB/s
158.180.49.11,8443,true,FRA,欧洲,德国法兰克福,195 ms,773 kB/s
84.235.245.65,2096,true,SIN,亚太,新加坡,258 ms,670 kB/s
140.238.38.81,587,true,NRT,亚太,日本东京,102 ms,667 kB/s
146.56.154.183,443,true,ICN,亚太,韩国首尔,129 ms,632 kB/s
168.138.46.67,443,true,KIX,亚太,大阪,103 ms,602 kB/s
138.3.214.171,443,true,NRT,亚太,日本东京,104 ms,531 kB/s
132.145.127.203,2053,true,NRT,亚太,日本东京,100 ms,528 kB/s
158.101.214.54,443,true,AMS,欧洲,荷兰阿姆斯特丹,152 ms,509 kB/s
146.235.59.153,2053,true,GRU,南美,巴西圣保罗,169 ms,451 kB/s
132.145.94.250,2087,true,ICN,亚太,韩国首尔,136 ms,416 kB/s
161.33.197.118,443,true,NRT,亚太,日本东京,107 ms,371 kB/s
150.230.63.93,443,true,KIX,亚太,大阪,104 ms,370 kB/s
141.147.174.243,443,true,NRT,亚太,日本东京,108 ms,363 kB/s
161.33.164.122,443,true,HKG,亚太,香港,103 ms,293 kB/s
132.145.127.203,8443,true,NRT,亚太,日本东京,120 ms,267 kB/s
138.2.87.237,443,true,SIN,亚太,新加坡,172 ms,243 kB/s
152.70.55.165,8443,true,AMS,欧洲,荷兰阿姆斯特丹,153 ms,230 kB/s
141.147.170.245,34237,true,NRT,亚太,日本东京,104 ms,214 kB/s
193.123.74.174,8443,true,DXB,中东,Dubai,281 ms,137 kB/s
168.138.102.201,34237,true,SYD,大洋洲,澳大利亚悉尼,160 ms,109 kB/s
64.181.188.99,443,true,GRU,南美,巴西圣保罗,165 ms,104 kB/s
89.168.68.57,8443,true,FRA,欧洲,德国法兰克福,154 ms,52 kB/s
192.9.145.241,443,true,SJC,北美洲,美国圣何塞,15 ms,3 kB/s
155.248.202.141,443,true,SJC,北美洲,美国圣何塞,13 ms,3 kB/s
192.9.155.235,443,true,SJC,北美洲,美国圣何塞,13 ms,3 kB/s
138.2.226.221,443,true,SJC,北美洲,美国圣何塞,13 ms,3 kB/s
158.179.206.143,443,true,ARN,欧洲,瑞典斯德哥尔摩,147 ms,2 kB/s
132.145.166.33,443,true,IAD,北美洲,美国阿什伯恩,57 ms,1 kB/s
68.233.127.74,443,true,YUL,北美洲,Montréal,74 ms,1 kB/s
129.213.16.37,8443,true,IAD,北美洲,美国阿什伯恩,61 ms,1 kB/s
132.145.81.117,443,true,ICN,亚太,韩国首尔,136 ms,1 kB/s
152.70.253.44,443,true,ICN,亚太,韩国首尔,134 ms,1 kB/s
141.147.66.40,8443,true,LHR,欧洲,英国伦敦,136 ms,0 kB/s
152.70.25.96,443,true,FRA,欧洲,德国法兰克福,153 ms,0 kB/s
138.2.177.185,443,true,FRA,欧洲,德国法兰克福,152 ms,0 kB/s
168.138.15.27,443,true,MEL,大洋洲,澳大利亚墨尔本,170 ms,0 kB/s
152.67.65.37,443,true,ZRH,欧洲,苏黎世,162 ms,0 kB/s
92.5.228.167,443,true,AMS,欧洲,荷兰阿姆斯特丹,155 ms,0 kB/s
140.245.42.30,443,true,SIN,亚太,新加坡,199 ms,0 kB/s
138.2.160.200,8443,true,FRA,欧洲,德国法兰克福,149 ms,0 kB/s
140.238.201.118,443,true,SYD,大洋洲,澳大利亚悉尼,160 ms,0 kB/s
134.185.88.235,2096,true,SIN,亚太,新加坡,175 ms,0 kB/s
129.150.63.187,8443,true,SIN,亚太,新加坡,209 ms,0 kB/s
140.245.59.245,443,true,SIN,亚太,新加坡,195 ms,0 kB/s
152.69.212.116,443,true,SIN,亚太,新加坡,172 ms,0 kB/s
152.67.78.162,443,true,ZRH,欧洲,苏黎世,159 ms,0 kB/s
213.35.104.60,443,true,SIN,亚太,新加坡,172 ms,0 kB/s
152.70.239.65,443,true,SIN,亚太,新加坡,203 ms,0 kB/s
158.178.237.239,443,true,SIN,亚太,新加坡,173 ms,0 kB/s
144.24.140.37,443,true,HYD,亚太,Hyderabad,243 ms,0 kB/s
129.159.16.85,443,true,HYD,亚太,Hyderabad,241 ms,0 kB/s
152.67.190.105,443,true,HYD,亚太,Hyderabad,242 ms,0 kB/s
80.225.233.118,443,true,BOM,亚太,印度孟买,240 ms,0 kB/s
80.225.233.118,8443,true,BOM,亚太,印度孟买,244 ms,0 kB/s
129.159.226.75,443,true,HYD,亚太,Hyderabad,244 ms,0 kB/s
140.245.236.70,443,true,HYD,亚太,Hyderabad,253 ms,0 kB/s
168.138.168.174,443,true,SIN,亚太,新加坡,181 ms,0 kB/s
134.98.129.170,443,true,FRA,欧洲,德国法兰克福,163 ms,0 kB/s
140.245.45.168,443,true,SIN,亚太,新加坡,201 ms,0 kB/s
152.70.71.205,80,true,HYD,亚太,Hyderabad,245 ms,0 kB/s
140.245.44.79,443,true,SIN,亚太,新加坡,169 ms,0 kB/s
129.154.251.30,443,true,BOM,亚太,印度孟买,244 ms,0 kB/s
140.245.252.127,443,true,HYD,亚太,Hyderabad,242 ms,0 kB/s
129.154.250.200,443,true,BOM,亚太,印度孟买,239 ms,0 kB/s
161.33.222.9,443,true,FRA,欧洲,德国法兰克福,124 ms,0 kB/s
144.24.152.218,443,true,HYD,亚太,Hyderabad,243 ms,0 kB/s
146.56.50.9,8443,true,BOM,亚太,印度孟买,239 ms,0 kB/s
129.80.146.124,10443,true,IAD,北美洲,美国阿什伯恩,70 ms,0 kB/s
132.145.54.66,443,true,LHR,欧洲,英国伦敦,135 ms,0 kB/s
161.33.141.33,443,true,NRT,亚太,日本东京,100 ms,0 kB/s
168.138.194.74,443,true,NRT,亚太,日本东京,104 ms,0 kB/s
132.226.7.217,443,true,NRT,亚太,日本东京,107 ms,0 kB/s
138.2.20.176,443,true,NRT,亚太,日本东京,124 ms,0 kB/s
161.118.217.74,443,true,SIN,亚太,新加坡,190 ms,0 kB/s
132.226.163.224,8443,true,GRU,南美,巴西圣保罗,171 ms,0 kB/s
64.110.75.145,443,true,ICN,亚太,韩国首尔,133 ms,0 kB/s
64.110.101.31,8443,true,KIX,亚太,大阪,137 ms,0 kB/s
140.245.69.124,443,true,ICN,亚太,韩国首尔,139 ms,0 kB/s
145.241.214.31,443,true,FRA,欧洲,德国法兰克福,158 ms,0 kB/s
129.150.46.113,443,true,SIN,亚太,新加坡,170 ms,0 kB/s
130.162.147.120,443,true,SIN,亚太,新加坡,251 ms,0 kB/s
145.241.172.176,443,true,CDG,欧洲,法国巴黎,145 ms,0 kB/s
168.107.50.101,443,true,SIN,亚太,新加坡,236 ms,0 kB/s
161.118.229.57,443,true,SIN,亚太,新加坡,173 ms,0 kB/s
89.168.68.57,2053,true,FRA,欧洲,德国法兰克福,155 ms,0 kB/s
129.151.198.3,8443,true,ARN,欧洲,瑞典斯德哥尔摩,148 ms,0 kB/s
143.47.182.47,443,true,FRA,欧洲,德国法兰克福,162 ms,0 kB/s
158.101.24.17,443,true,LAX,北美洲,美国洛杉矶,10 ms,0 kB/s
192.9.241.51,587,true,SJC,北美洲,美国圣何塞,13 ms,0 kB/s
79.72.66.43,443,true,FRA,欧洲,德国法兰克福,156 ms,0 kB/s
129.152.19.129,443,true,MXP,欧洲,意大利米兰,148 ms,0 kB/s
138.2.92.249,443,true,SIN,亚太,新加坡,178 ms,0 kB/s
158.180.12.192,443,true,FRA,欧洲,德国法兰克福,166 ms,0 kB/s
152.70.116.169,443,true,SJC,北美洲,美国圣何塞,13 ms,0 kB/s
192.9.231.220,8443,true,SJC,北美洲,美国圣何塞,13 ms,0 kB/s
130.61.56.135,443,true,FRA,欧洲,德国法兰克福,154 ms,0 kB/s
